id,name,email,primary_residence,primary_lat,primary_lon,secondary_residence1,secondary1_lat,secondary1_lon,secondary_residence2,secondary2_lat,secondary2_lon
1,Jean Dupont,jean.dupont@email.com,Paris,48.8566,2.3522,Lyon,45.75,4.85,,0,0
2,Marie Martin,marie.martin@email.com,Marseille,43.296398,5.36978,Nice,43.7031,7.2661,Montpellier,43.6108,3.8767
3,Pierre Durand,pierre.durand@email.com,Toulouse,43.604652,1.444209,,0,0,,0,0
4,Sophie Lefebvre,sophie.lefebvre@email.com,Strasbourg,48.5734,7.7521,Paris,48.8566,2.3522,Lille,50.6292,3.0573